DATE ADDED TO CATALOG	PUBMEDID	FIRST AUTHOR	DATE	JOURNAL	LINK	STUDY	DISEASE/TRAIT	INITIAL SAMPLE SIZE	REPLICATION SAMPLE SIZE	REGION	CHR_ID	CHR_POS	REPORTED GENE(S)	MAPPED_GENE	UPSTREAM_GENE_ID	DOWNSTREAM_GENE_ID	SNP_GENE_IDS	UPSTREAM_GENE_DISTANCE	DOWNSTREAM_GENE_DISTANCE	STRONGEST SNP-RISK ALLELE	SNPS	MERGED	SNP_ID_CURRENT	CONTEXT	INTERGENIC	RISK ALLELE FREQUENCY	P-VALUE	PVALUE_MLOG	P-VALUE (TEXT)	OR or BETA	95% CI (TEXT)	PLATFORM [SNPS PASSING QC]	CNV	MAPPED_TRAIT	MAPPED_TRAIT_URI	STUDY ACCESSION	GENOTYPING TECHNOLOGY
14/09/2017	24166409	Gelernter J	01/01/2014	Mol Psychiatry	www.ncbi.nlm.nih.gov/pubmed/24166409	Genome-wide association study of alcohol dependence:significant findings in African- and European-Americans including novel risk loci.	Alcohol dependence	2,415 African American cases, 1,798 African American controls, 2,669 European ancestry cases, 2,002 European ancestry controls	324 African American cases, 327 African American controls, 2,269 European ancestry cases, 2,975 European ancestry controls	4q23	4	99318162	ADH1B	ADH1B			125			rs1229984-C	rs1229984	0	1229984	missense_variant	0	0.971	1,00E-31	31.0	(EA)	6.5789475	NR (EA, German Sample)	Illumina [up to 10421983] (imputed)	N	alcohol dependence	http://www.ebi.ac.uk/efo/EFO_0003829	GCST004712	Genome-wide genotyping array
28/06/2014	24277619	Quillen EE	26/11/2013	Am J Med Genet B Neuropsychiatr Genet	www.ncbi.nlm.nih.gov/pubmed/24277619	"ALDH2 is associated to alcohol dependence and is the major genetic determinant of ""daily maximum drinks"" in a GWAS study of an isolated rural Chinese sample."	Response to alcohol consumption (flushing response)	108 Han Chinese ancestry cases, 190 Han Chinese ancestry controls	NA	12q24.12	12	111803962	ALDH2	ALDH2			217			rs671-?	rs671	0	671	missense_variant	0		5,00E-26	25.30102999566398		1.81	unit decrease	Illumina [247725]	N	response to alcohol	http://www.ebi.ac.uk/efo/EFO_0005526	GCST002292	Genome-wide genotyping array
14/09/2017	24166409	Gelernter J	01/01/2014	Mol Psychiatry	www.ncbi.nlm.nih.gov/pubmed/24166409	Genome-wide association study of alcohol dependence:significant findings in African- and European-Americans including novel risk loci.	Alcohol dependence	4,629 African American individuals, 5,131 European ancestry individuals	801 African American individuals, 1,746 European ancestry individuals	4q23	4	99318162	ADH1B	ADH1B			125			rs1229984-T	rs1229984	0	1229984	missense_variant	0	0.071	2,00E-23	22.69897000433602	(EA)	0.0164	NR unit decrease (EA, SAGE Discovery)	Illumina [up to 10421983] (imputed)	N	alcohol dependence measurement	http://www.ebi.ac.uk/efo/EFO_0007835	GCST004711	Genome-wide genotyping array
14/09/2017	24166409	Gelernter J	01/01/2014	Mol Psychiatry	www.ncbi.nlm.nih.gov/pubmed/24166409	Genome-wide association study of alcohol dependence:significant findings in African- and European-Americans including novel risk loci.	Alcohol dependence	4,629 African American individuals, 5,131 European ancestry individuals	801 African American individuals, 1,746 European ancestry individuals	4q23	4	99318162	ADH1B	ADH1B			125			rs1229984	rs1229984	0	1229984	missense_variant	0	NR	2,00E-22	21.69897000433602				Illumina [up to 10421983] (imputed)	N	alcohol dependence measurement	http://www.ebi.ac.uk/efo/EFO_0007835	GCST004711	Genome-wide genotyping array
18/06/2013	23456092	Park BL	01/03/2013	Hum Genet	www.ncbi.nlm.nih.gov/pubmed/23456092	Extended genetic effects of ADH cluster genes on the risk of alcohol dependence: from GWAS to replication.	Alcohol dependence	117 Korean ancestry cases, 279 Korean ancestry controls	504 Korean ancestry cases, 471 Korean ancestry controls	4q23	4	99318162	ADH4, ADH1C, ADH6, ADH1A, ADH7, ADH1B, ADH5	ADH1B			125			rs1229984-?	rs1229984	0	1229984	missense_variant	0	NR	3,00E-21	20.522878745280337		2.35	[1.95-2.84]	Illumina [427349]	N	alcohol dependence	http://www.ebi.ac.uk/efo/EFO_0003829	GCST001883	Genome-wide genotyping array
14/09/2017	24166409	Gelernter J	01/01/2014	Mol Psychiatry	www.ncbi.nlm.nih.gov/pubmed/24166409	Genome-wide association study of alcohol dependence:significant findings in African- and European-Americans including novel risk loci.	Alcohol dependence	4,629 African American individuals, 5,131 European ancestry individuals	801 African American individuals, 1,746 European ancestry individuals	4q23	4	99307860	ADH1B	ADH1B			125			rs2066702	rs2066702	0	2066702	missense_variant	0	0.192	6,00E-17	16.221848749616356	(AA)	0.0248	NR unit decrease (AA, GCD Discovery)	Illumina [up to 10421983] (imputed)	N	alcohol dependence measurement	http://www.ebi.ac.uk/efo/EFO_0007835	GCST004711	Genome-wide genotyping array
28/06/2014	24277619	Quillen EE	26/11/2013	Am J Med Genet B Neuropsychiatr Genet	www.ncbi.nlm.nih.gov/pubmed/24277619	"ALDH2 is associated to alcohol dependence and is the major genetic determinant of ""daily maximum drinks"" in a GWAS study of an isolated rural Chinese sample."	Alcohol consumption (maxi-drinks)	272 Han Chinese ancestry individuals	NA	12q24.12	12	111803962	ALDH2	ALDH2			217			rs671-?	rs671	0	671	missense_variant	0	NR	1,00E-16	16.0		0.16	unit increase	Illumina [247725]	N	alcohol drinking	http://www.ebi.ac.uk/efo/EFO_0004329	GCST002294	Genome-wide genotyping array
16/01/2017	27151647	Chen G	05/05/2016	Addict Biol	www.ncbi.nlm.nih.gov/pubmed/27151647	An association study revealed substantial effects of dominance, epistasis and substance dependence co-morbidity on alcohol dependence symptom count.	Alcohol dependence symptom count	2,605 European ancestry individuals, 1,233 African American individuals	NA	5q35.2	5	173590084	CTB-33O18.3	LOC105377735 - BOD1	105377735	91272		4495	17061	rs1363605-?	rs1363605	0	1363605	regulatory_region_variant	1		1,00E-15	15.0	(additive)	0.367	[0.28-0.46] unit increase	Illumina [974863]	N	alcohol dependence measurement	http://www.ebi.ac.uk/efo/EFO_0007835	GCST003538	Genome-wide genotyping array
14/09/2017	24166409	Gelernter J	01/01/2014	Mol Psychiatry	www.ncbi.nlm.nih.gov/pubmed/24166409	Genome-wide association study of alcohol dependence:significant findings in African- and European-Americans including novel risk loci.	Alcohol dependence	4,629 African American individuals, 5,131 European ancestry individuals	801 African American individuals, 1,746 European ancestry individuals	4q23	4	99307860	ADH1B	ADH1B			125			rs2066702	rs2066702	0	2066702	missense_variant	0	NR	2,00E-13	12.698970004336019				Illumina [up to 10421983] (imputed)	N	alcohol dependence measurement	http://www.ebi.ac.uk/efo/EFO_0007835	GCST004711	Genome-wide genotyping array
07/04/2018	29460428	Gelernter J	20/02/2018	Alcohol Clin Exp Res	www.ncbi.nlm.nih.gov/pubmed/29460428	Genomewide association study of alcohol dependence and related traits in a Thai population.	Alcohol consumption (maxi-drinks)	1,045 Thai ancestry individuals	NA	12q24.12	12	111398968	ALDH2, ACAD10, BRAP, TRAFD1, HECTD4, PTPN11, NAA25, CUX2, RPH3A, MYL2	LOC105369984			105369984			rs149212747-A	rs149212747	0	149212747	intron_variant	0	0.9104	2,00E-12	11.698970004336019		0.5885	[0.43-0.75] unit increase	Illumina [at least 4683137] (imputed)	N	alcohol consumption measurement	http://www.ebi.ac.uk/efo/EFO_0007878	GCST005441	Genome-wide genotyping array
14/09/2017	24166409	Gelernter J	01/01/2014	Mol Psychiatry	www.ncbi.nlm.nih.gov/pubmed/24166409	Genome-wide association study of alcohol dependence:significant findings in African- and European-Americans including novel risk loci.	Alcohol dependence	4,629 African American individuals, 5,131 European ancestry individuals	801 African American individuals, 1,746 European ancestry individuals	4q23	4	99313896	ADH1B	ADH1B			125			rs1789882	rs1789882	0	1789882	synonymous_variant	0	0.234	2,00E-12	11.698970004336019	(AA)	0.0223	NR unit decrease (AA, GCD Discovery)	Illumina [up to 10421983] (imputed)	N	alcohol dependence measurement	http://www.ebi.ac.uk/efo/EFO_0007835	GCST004711	Genome-wide genotyping array
14/09/2017	24166409	Gelernter J	01/01/2014	Mol Psychiatry	www.ncbi.nlm.nih.gov/pubmed/24166409	Genome-wide association study of alcohol dependence:significant findings in African- and European-Americans including novel risk loci.	Alcohol dependence	4,629 African American individuals, 5,131 European ancestry individuals	801 African American individuals, 1,746 European ancestry individuals	4q23	4	99315605	ADH1B	ADH1B			125			rs1693457	rs1693457	0	1693457	non_coding_transcript_exon_variant	0	0.235	3,00E-12	11.522878745280337	(AA)	0.0223	NR unit decrease (AA, GCD Discovery)	Illumina [up to 10421983] (imputed)	N	alcohol dependence measurement	http://www.ebi.ac.uk/efo/EFO_0007835	GCST004711	Genome-wide genotyping array
01/12/2017	29071344	Zhou H	25/10/2017	JAMA Psychiatry	www.ncbi.nlm.nih.gov/pubmed/29071344	Genetic Risk Variants Associated With Comorbid Alcohol Dependence and Major Depression.	Major depression and alcohol dependence	3,041 African American individuals, 1,618 European ancestry individuals	1,612 African American individuals, 1,551 European ancestry individuals	7q21.11	7	84008281	SEMA3A	SEMA3A			10371			rs139438618-G	rs139438618	0	139438618	intron_variant	0	NR	2,00E-11	10.698970004336019	(AA)	0.869	unit increase	Illumina [at least 5086170] (imputed)	N	unipolar depression, alcohol dependence	http://www.ebi.ac.uk/efo/EFO_0003761, http://www.ebi.ac.uk/efo/EFO_0003829	GCST005022	Genome-wide genotyping array
14/09/2017	24166409	Gelernter J	01/01/2014	Mol Psychiatry	www.ncbi.nlm.nih.gov/pubmed/24166409	Genome-wide association study of alcohol dependence:significant findings in African- and European-Americans including novel risk loci.	Alcohol dependence	4,629 African American individuals, 5,131 European ancestry individuals	801 African American individuals, 1,746 European ancestry individuals	4q23	4	99293007	LOC100507053	LOC100507053			100507053			rs904092	rs904092	0	904092	intron_variant	0	0.24	3,00E-11	10.522878745280337	(AA)	0.022	NR unit decrease (AA, GCD Discovery)	Illumina [up to 10421983] (imputed)	N	alcohol dependence measurement	http://www.ebi.ac.uk/efo/EFO_0007835	GCST004711	Genome-wide genotyping array
14/09/2017	24166409	Gelernter J	01/01/2014	Mol Psychiatry	www.ncbi.nlm.nih.gov/pubmed/24166409	Genome-wide association study of alcohol dependence:significant findings in African- and European-Americans including novel risk loci.	Alcohol dependence	2,415 African American cases, 1,798 African American controls, 2,669 European ancestry cases, 2,002 European ancestry controls	324 African American cases, 327 African American controls, 2,269 European ancestry cases, 2,975 European ancestry controls	4q23	4	99307860	ADH1B	ADH1B			125			rs2066702-G	rs2066702	0	2066702	missense_variant	0	0.813	4,00E-11	10.397940008672037	(AA)	1.3908206	NR (AA, GCD Discovery)	Illumina [up to 10421983] (imputed)	N	alcohol dependence	http://www.ebi.ac.uk/efo/EFO_0003829	GCST004712	Genome-wide genotyping array
14/09/2017	24166409	Gelernter J	01/01/2014	Mol Psychiatry	www.ncbi.nlm.nih.gov/pubmed/24166409	Genome-wide association study of alcohol dependence:significant findings in African- and European-Americans including novel risk loci.	Alcohol dependence	2,415 African American cases, 1,798 African American controls, 2,669 European ancestry cases, 2,002 European ancestry controls	324 African American cases, 327 African American controls, 2,269 European ancestry cases, 2,975 European ancestry controls	2p16.1	2	55278320	intergenic	MTIF2 - PRORSD1P	4528	344405		9009	3999	rs1437396-T	rs1437396	0	1437396	intergenic_variant	1		1,00E-10	10.0				Illumina [up to 10421983] (imputed)	N	alcohol dependence	http://www.ebi.ac.uk/efo/EFO_0003829	GCST004712	Genome-wide genotyping array
14/09/2017	24166409	Gelernter J	01/01/2014	Mol Psychiatry	www.ncbi.nlm.nih.gov/pubmed/24166409	Genome-wide association study of alcohol dependence:significant findings in African- and European-Americans including novel risk loci.	Alcohol dependence	4,629 African American individuals, 5,131 European ancestry individuals	801 African American individuals, 1,746 European ancestry individuals	4q23	4	99150767	LOC100507053	LOC100507053			100507053			rs17028615	rs17028615	0	17028615	intron_variant	0	0.212	1,00E-10	10.0	(AA)	0.0208	NR unit decrease (AA, GCD Discovery)	Illumina [up to 10421983] (imputed)	N	alcohol dependence measurement	http://www.ebi.ac.uk/efo/EFO_0007835	GCST004711	Genome-wide genotyping array
14/09/2017	24166409	Gelernter J	01/01/2014	Mol Psychiatry	www.ncbi.nlm.nih.gov/pubmed/24166409	Genome-wide association study of alcohol dependence:significant findings in African- and European-Americans including novel risk loci.	Alcohol dependence	4,629 African American individuals, 5,131 European ancestry individuals	801 African American individuals, 1,746 European ancestry individuals	4q23	4	99329813	intergenic	ADH1B - ADH1C	125	126		8371	6679	rs2173201	rs2173201	0	2173201	intron_variant	1	0.453	1,00E-10	10.0	(AA)	0.0268	NR unit decrease (AA, GCD Discovery)	Illumina [up to 10421983] (imputed)	N	alcohol dependence measurement	http://www.ebi.ac.uk/efo/EFO_0007835	GCST004711	Genome-wide genotyping array
14/09/2017	24166409	Gelernter J	01/01/2014	Mol Psychiatry	www.ncbi.nlm.nih.gov/pubmed/24166409	Genome-wide association study of alcohol dependence:significant findings in African- and European-Americans including novel risk loci.	Alcohol dependence	4,629 African American individuals, 5,131 European ancestry individuals	801 African American individuals, 1,746 European ancestry individuals	4q23	4	99346215	ADH1C	ADH1C			126			rs12639833	rs12639833	0	12639833	intron_variant	0	0.46	3,00E-10	9.522878745280337	(AA)	0.0266	NR unit decrease (AA, GCD Discovery)	Illumina [up to 10421983] (imputed)	N	alcohol dependence measurement	http://www.ebi.ac.uk/efo/EFO_0007835	GCST004711	Genome-wide genotyping array
16/01/2017	27151647	Chen G	05/05/2016	Addict Biol	www.ncbi.nlm.nih.gov/pubmed/27151647	An association study revealed substantial effects of dominance, epistasis and substance dependence co-morbidity on alcohol dependence symptom count.	Alcohol dependence symptom count	2,605 European ancestry individuals, 1,233 African American individuals	NA	6p21.33	6	30689070	NRM	NRM			11270			rs2269705-?	rs2269705	0	2269705	intron_variant	0		3,00E-10	9.522878745280337	(additive)	0.266	[0.18-0.35] unit decrease	Illumina [974863]	N	alcohol dependence measurement	http://www.ebi.ac.uk/efo/EFO_0007835	GCST003538	Genome-wide genotyping array
14/09/2017	24166409	Gelernter J	01/01/2014	Mol Psychiatry	www.ncbi.nlm.nih.gov/pubmed/24166409	Genome-wide association study of alcohol dependence:significant findings in African- and European-Americans including novel risk loci.	Alcohol dependence	4,629 African American individuals, 5,131 European ancestry individuals	801 African American individuals, 1,746 European ancestry individuals	4q23	4	99344976	ADH1C	ADH1C			126			rs2241894	rs2241894	0	2241894	synonymous_variant	0	0.46	5,00E-10	9.301029995663981	(AA)	0.0265	NR unit decrease (AA, GCD Discovery)	Illumina [up to 10421983] (imputed)	N	alcohol dependence measurement	http://www.ebi.ac.uk/efo/EFO_0007835	GCST004711	Genome-wide genotyping array
03/07/2012	22554406	Kang SJ	03/05/2012	Genes Brain Behav	www.ncbi.nlm.nih.gov/pubmed/22554406	Family-based genome-wide association study of frontal Î¸ oscillations identifies potassium channel gene KCNJ6.	Electroencephalographic traits in alcoholism	1,560 European ancestry individuals from 117 families	NA	21q22.13	21	37654970	KCNJ6	KCNJ6			3763			rs2835872-G	rs2835872	0	2835872	intron_variant	0	0.681	5,00E-10	9.301029995663981		0.145	[NR] unit decrease	Illumina [634583]	N	frontal theta oscillation measurement, alcohol dependence	http://www.ebi.ac.uk/efo/EFO_0004800, http://www.ebi.ac.uk/efo/EFO_0003829	GCST001503	Genome-wide genotyping array
07/04/2018	29460428	Gelernter J	20/02/2018	Alcohol Clin Exp Res	www.ncbi.nlm.nih.gov/pubmed/29460428	Genomewide association study of alcohol dependence and related traits in a Thai population.	Alcohol dependence symptom count	1,045 Thai ancestry individuals	NA	12q24.12	12	111398968	BRAP, ALDH2, ACAD10, NAA25, TRAFD1, HECTD4, PTPN11, RIMBP2	LOC105369984			105369984			rs149212747-A	rs149212747	0	149212747	intron_variant	0	0.9097	6,00E-10	9.221848749616356		0.91	[0.62-1.20] unit increase	Illumina [at least 4683137] (imputed)	N	alcohol dependence measurement	http://www.ebi.ac.uk/efo/EFO_0007835	GCST005440	Genome-wide genotyping array
17/11/2017	28990359	Polimanti R	09/10/2017	Am J Med Genet B Neuropsychiatr Genet	www.ncbi.nlm.nih.gov/pubmed/28990359	Ancestry-specific and sex-specific risk alleles identified in a genome-wide gene-by-alcohol dependence interaction study of risky sexual behaviors.	Risky sexual behaviors (alcohol dependence interaction)	454 African American women cases, 1,087 African American men cases, 444 European ancestry women cases, 992 European ancestry men cases, 231 African American women controls, 401 African American men controls, 142 European ancestry women controls, 173 European ancestry men controls		4q22.1	4	90215590	CCSER1	CCSER1			401145			rs62313897-?	rs62313897	0	62313897	intron_variant	0	0.942	8,00E-10	9.096910013008056	(EA, men)			Illumina [at least 550000] (imputed)	N	alcohol dependence, risky sexual behaviour measurement	http://www.ebi.ac.uk/efo/EFO_0003829, http://www.ebi.ac.uk/efo/EFO_0007877	GCST004956	Genome-wide genotyping array
17/11/2017	28990359	Polimanti R	09/10/2017	Am J Med Genet B Neuropsychiatr Genet	www.ncbi.nlm.nih.gov/pubmed/28990359	Ancestry-specific and sex-specific risk alleles identified in a genome-wide gene-by-alcohol dependence interaction study of risky sexual behaviors.	Risky sexual behaviors in alcohol dependence	454 African American women individuals, 1,087 African American men individuals, 444 European ancestry women individuals, 992 European ancestry men individuals.	NA	10q26.11	10	119445148	GRK5	GRK5			2869			rs1316543-?	rs1316543	0	1316543	intron_variant	0	0.9315	1,00E-09	9.0	(AA)			Illumina [at least 550000] (imputed)	N	alcohol dependence, risky sexual behaviour measurement	http://www.ebi.ac.uk/efo/EFO_0003829, http://www.ebi.ac.uk/efo/EFO_0007877	GCST004955	Genome-wide genotyping array
14/09/2017	24166409	Gelernter J	01/01/2014	Mol Psychiatry	www.ncbi.nlm.nih.gov/pubmed/24166409	Genome-wide association study of alcohol dependence:significant findings in African- and European-Americans including novel risk loci.	Alcohol dependence	2,415 African American cases, 1,798 African American controls, 2,669 European ancestry cases, 2,002 European ancestry controls	324 African American cases, 327 African American controls, 2,269 European ancestry cases, 2,975 European ancestry controls	4q23	4	99315605	ADH1B	ADH1B			125			rs1693457-T	rs1693457	0	1693457	non_coding_transcript_exon_variant	0	0.768	2,00E-09	8.698970004336019	(AA)	1.3020833	NR (AA, GCD Discovery)	Illumina [up to 10421983] (imputed)	N	alcohol dependence	http://www.ebi.ac.uk/efo/EFO_0003829	GCST004712	Genome-wide genotyping array
14/09/2017	24166409	Gelernter J	01/01/2014	Mol Psychiatry	www.ncbi.nlm.nih.gov/pubmed/24166409	Genome-wide association study of alcohol dependence:significant findings in African- and European-Americans including novel risk loci.	Alcohol dependence	2,415 African American cases, 1,798 African American controls, 2,669 European ancestry cases, 2,002 European ancestry controls	324 African American cases, 327 African American controls, 2,269 European ancestry cases, 2,975 European ancestry controls	4q23	4	99313896	ADH1B	ADH1B			125			rs1789882-G	rs1789882	0	1789882	synonymous_variant	0	0.769	2,00E-09	8.698970004336019	(AA)	1.303781	NR (AA, GCD Discovery)	Illumina [up to 10421983] (imputed)	N	alcohol dependence	http://www.ebi.ac.uk/efo/EFO_0003829	GCST004712	Genome-wide genotyping array
17/11/2017	28990359	Polimanti R	09/10/2017	Am J Med Genet B Neuropsychiatr Genet	www.ncbi.nlm.nih.gov/pubmed/28990359	Ancestry-specific and sex-specific risk alleles identified in a genome-wide gene-by-alcohol dependence interaction study of risky sexual behaviors.	Risky sexual behaviors (alcohol dependence interaction)	454 African American women cases, 1,087 African American men cases, 444 European ancestry women cases, 992 European ancestry men cases, 231 African American women controls, 401 African American men controls, 142 European ancestry women controls, 173 European ancestry men controls		11p15.1	11	18705901	NR	IGSF22			283284			rs1867877-?	rs1867877	0	1867877	missense_variant	0	0.9489	2,00E-09	8.698970004336019	(EA, men)			Illumina [at least 550000] (imputed)	N	alcohol dependence, risky sexual behaviour measurement	http://www.ebi.ac.uk/efo/EFO_0003829, http://www.ebi.ac.uk/efo/EFO_0007877	GCST004956	Genome-wide genotyping array
14/09/2017	24166409	Gelernter J	01/01/2014	Mol Psychiatry	www.ncbi.nlm.nih.gov/pubmed/24166409	Genome-wide association study of alcohol dependence:significant findings in African- and European-Americans including novel risk loci.	Alcohol dependence	4,629 African American individuals, 5,131 European ancestry individuals	801 African American individuals, 1,746 European ancestry individuals	4q23	4	99336998	ADH1C	ADH1C			126			rs1614972	rs1614972	0	1614972	intron_variant	0	0.522	3,00E-09	8.522878745280337	(AA)	0.0277	NR unit decrease (AA, GCD Discovery)	Illumina [up to 10421983] (imputed)	N	alcohol dependence measurement	http://www.ebi.ac.uk/efo/EFO_0007835	GCST004711	Genome-wide genotyping array
06/02/2015	24962325	Kapoor M	11/06/2014	Drug Alcohol Depend	www.ncbi.nlm.nih.gov/pubmed/24962325	Genome-wide survival analysis of age at onset of alcohol dependence in extended high-risk COGA families.	Alcohol dependence (age at onset)	685 European ancestry cases, 1,103 European ancestry controls from 118 families	NA	3q26.1	3	164872151	intergenic	LINC01324 - LOC107986050	104355289	107986050		40671	26154	rs2168784-T	rs2168784	0	2168784	intergenic_variant	1	0.11	5,00E-09	8.301029995663981		1.46	[1.34-1.58]	Illumina [4058415] (imputed)	N	age at onset, alcohol dependence	http://www.ebi.ac.uk/efo/EFO_0004847, http://www.ebi.ac.uk/efo/EFO_0003829	GCST002477	Genome-wide genotyping array
14/09/2017	24166409	Gelernter J	01/01/2014	Mol Psychiatry	www.ncbi.nlm.nih.gov/pubmed/24166409	Genome-wide association study of alcohol dependence:significant findings in African- and European-Americans including novel risk loci.	Alcohol dependence	2,415 African American cases, 1,798 African American controls, 2,669 European ancestry cases, 2,002 European ancestry controls	324 African American cases, 327 African American controls, 2,269 European ancestry cases, 2,975 European ancestry controls	4q23	4	99293007	LOC100507053	LOC100507053			100507053			rs904092-G	rs904092	0	904092	intron_variant	0	0.763	5,00E-09	8.301029995663981	(AA)	1.3003901	NR (AA, GCD Discovery)	Illumina [up to 10421983] (imputed)	N	alcohol dependence	http://www.ebi.ac.uk/efo/EFO_0003829	GCST004712	Genome-wide genotyping array
17/11/2017	28990359	Polimanti R	09/10/2017	Am J Med Genet B Neuropsychiatr Genet	www.ncbi.nlm.nih.gov/pubmed/28990359	Ancestry-specific and sex-specific risk alleles identified in a genome-wide gene-by-alcohol dependence interaction study of risky sexual behaviors.	Risky sexual behaviors in alcohol dependence	454 African American women individuals, 1,087 African American men individuals, 444 European ancestry women individuals, 992 European ancestry men individuals.	NA	2q24.3	2	165633833	NR	CSRNP3			80034			rs10211296-?	rs10211296	0	10211296	intron_variant	0	0.7414	7,00E-09	8.154901959985743	(AA)			Illumina [at least 550000] (imputed)	N	alcohol dependence, risky sexual behaviour measurement	http://www.ebi.ac.uk/efo/EFO_0003829, http://www.ebi.ac.uk/efo/EFO_0007877	GCST004955	Genome-wide genotyping array
18/11/2011	22004471	Frank J	18/10/2011	Addict Biol	www.ncbi.nlm.nih.gov/pubmed/22004471	Genome-wide significant association between alcohol dependence and a variant in the ADH gene cluster.	Alcohol dependence	1,333 European ancestry male cases, 2,168 European ancestry male controls	NA	4q23	4	99329262	ADH1C, ADH1B	ADH1B - ADH1C	125	126		7820	7230	rs1789891-?	rs1789891	0	1789891	intron_variant	1	NR	1,00E-08	8.0		1.46	[1.28-1.67]	Illumina [463044]	N	alcohol dependence	http://www.ebi.ac.uk/efo/EFO_0003829	GCST001281	Genome-wide genotyping array
16/01/2017	27151647	Chen G	05/05/2016	Addict Biol	www.ncbi.nlm.nih.gov/pubmed/27151647	An association study revealed substantial effects of dominance, epistasis and substance dependence co-morbidity on alcohol dependence symptom count.	Alcohol dependence symptom count	2,605 European ancestry individuals, 1,233 African American individuals	NA	7q32.3	7	131649242	PODXL	PODXL - EEF1B2P6	5420	647030		92625	12658	rs2909678-?	rs2909678	0	2909678	intergenic_variant	1		1,00E-08	8.0	(additive)	0.255	[0.17-0.34] unit decrease	Illumina [974863]	N	alcohol dependence measurement	http://www.ebi.ac.uk/efo/EFO_0007835	GCST003538	Genome-wide genotyping array
06/02/2015	24962325	Kapoor M	11/06/2014	Drug Alcohol Depend	www.ncbi.nlm.nih.gov/pubmed/24962325	Genome-wide survival analysis of age at onset of alcohol dependence in extended high-risk COGA families.	Alcohol dependence (age at onset)	685 European ancestry cases, 1,103 European ancestry controls from 118 families	NA	5q11.2	5	54296531	ARL15	ARL15			54622			rs35951-G	rs35951	0	35951	intron_variant	0	0.14	1,00E-08	8.0		1.43	[1.31-1.55]	Illumina [4058415] (imputed)	N	age at onset, alcohol dependence	http://www.ebi.ac.uk/efo/EFO_0004847, http://www.ebi.ac.uk/efo/EFO_0003829	GCST002477	Genome-wide genotyping array
24/07/2009	19581569	Treutlein J	01/07/2009	Arch Gen Psychiatry	www.ncbi.nlm.nih.gov/pubmed/19581569	Genome-wide association study of alcohol dependence.	Alcohol dependence	476 European ancestry cases, 1,358 European ancestry controls	1,024 European ancestry cases, 996 European ancestry controls	2q35	2	216033935	PECR	PECR			55825			rs7590720-G	rs7590720	0	7590720	intron_variant	0	0.29	1,00E-08	8.0		1.35	[1.22-1.49]	Illumina [524396]	N	alcohol dependence	http://www.ebi.ac.uk/efo/EFO_0003829	GCST000432	Genome-wide genotyping array
17/11/2017	28990359	Polimanti R	09/10/2017	Am J Med Genet B Neuropsychiatr Genet	www.ncbi.nlm.nih.gov/pubmed/28990359	Ancestry-specific and sex-specific risk alleles identified in a genome-wide gene-by-alcohol dependence interaction study of risky sexual behaviors.	Risky sexual behaviors (alcohol dependence interaction)	454 African American women cases, 1,087 African American men cases, 444 European ancestry women cases, 992 European ancestry men cases, 231 African American women controls, 401 African American men controls, 142 European ancestry women controls, 173 European ancestry men controls		10q24.2	10	97705109	NR	AVPI1 - MARVELD1	60370	83742		17677	8599	rs7913179-?	rs7913179	0	7913179	intergenic_variant	1	0.933	1,00E-08	8.0	(EA, men)			Illumina [at least 550000] (imputed)	N	alcohol dependence, risky sexual behaviour measurement	http://www.ebi.ac.uk/efo/EFO_0003829, http://www.ebi.ac.uk/efo/EFO_0007877	GCST004956	Genome-wide genotyping array
23/06/2017	28265120	Polimanti R	07/03/2017	Mol Psychiatry	www.ncbi.nlm.nih.gov/pubmed/28265120	A genome-wide gene-by-trauma interaction study of alcohol misuse in two independent cohorts identifies PRKG1 as a risk locus.	Alcohol misuse (trauma interaction)	1,748 African American trauma-exposed individuals, 643 African American trauma-unexposed individuals, 10,732 European ancestry trauma-exposed and unexposed individuals, 3,238 Hispanic trauma-exposed and unexposed individuals	2,738 African American trauma-exposed individuals, 1,591 African American trauma-unexposed individuals, 3,755 European ancestry trauma-exposed and unexposed individuals	10q21.1	10	52223498	PRKG1	PRKG1			5592			rs1729578-C	rs1729578	0	1729578	intron_variant	0	0.23	2,00E-08	7.698970004336019	(AA)	5.64	z score increase	Illumina [NR] (imputed)	N	stressful life event measurement, alcohol dependence measurement	http://www.ebi.ac.uk/efo/EFO_0007781, http://www.ebi.ac.uk/efo/EFO_0007835	GCST004225	Genome-wide genotyping array
19/09/2017	28714907	Treutlein J	17/07/2017	Genes (Basel)	www.ncbi.nlm.nih.gov/pubmed/28714907	Genetic Contribution to Alcohol Dependence: Investigation of a Heterogeneous German Sample of Individuals with Alcohol Dependence, Chronic Alcoholic Pancreatitis, and Alcohol-Related Cirrhosis.	Alcohol dependence	1,331 German ancestry cases, 1,934 German ancestry controls	NA	4q23	4	99329262	ADH1B, ADH1C	ADH1B - ADH1C	125	126		7820	7230	rs1789891-A	rs1789891	0	1789891	intron_variant	1	0.1407	2,00E-08	7.698970004336019		1.469		Illumina [194024]	N	alcohol dependence	http://www.ebi.ac.uk/efo/EFO_0003829	GCST004756	Genome-wide genotyping array
02/02/2018	29082582	Almli LM	30/10/2017	Addict Biol	www.ncbi.nlm.nih.gov/pubmed/29082582	Problematic alcohol use associates with sodium channel and clathrin linker 1 (SCLT1) in trauma-exposed populations.	Problematic alcohol use in trauma-exposed individuals	1,036 African American individuals	828 European ancestry individuals, 108 African ancestry individuals, 282 Hispanic and Native American individuals, 170 other ancestry individuals, 6 Asian individuals	4q28.2	4	129416904	SCLT1	LOC105377417 - LOC101927282	105377417	101927282		33384	307267	rs1433375-A	rs1433375	0	1433375	intergenic_variant	1	0.17	3,00E-08	7.522878745280337	(AA, initial)	2.69	[1.75-3.63] unit increase	Illumina [501278]	N	response to trauma exposure, alcohol dependence measurement	http://www.ebi.ac.uk/efo/EFO_0008483, http://www.ebi.ac.uk/efo/EFO_0007835	GCST005236	Genome-wide genotyping array
14/09/2017	24166409	Gelernter J	01/01/2014	Mol Psychiatry	www.ncbi.nlm.nih.gov/pubmed/24166409	Genome-wide association study of alcohol dependence:significant findings in African- and European-Americans including novel risk loci.	Alcohol dependence	4,629 African American individuals, 5,131 European ancestry individuals	801 African American individuals, 1,746 European ancestry individuals	4q23	4	99150767	LOC100507053	LOC100507053			100507053			rs17028615	rs17028615	0	17028615	intron_variant	0	NR	3,00E-08	7.522878745280337				Illumina [up to 10421983] (imputed)	N	alcohol dependence measurement	http://www.ebi.ac.uk/efo/EFO_0007835	GCST004711	Genome-wide genotyping array
11/04/2017	28040410	Meyers JL	28/12/2016	Int J Psychophysiol	www.ncbi.nlm.nih.gov/pubmed/28040410	A genome wide association study of fast beta EEG in families of European ancestry.	Fast beta electroencephalogram	1,564 European ancestry individuals from 117 alcohol dependence affected families	NA	6q22.1	6	116342160	DSE, TSPYL4	DSE			29940			rs2252790-G	rs2252790	0	2252790	intron_variant	0	0.36	3,00E-08	7.522878745280337		0.135	[0.087-0.181] unit increase	Illumina [12973748] (imputed)	N	alcohol dependence measurement, electroencephalogram measurement	http://www.ebi.ac.uk/efo/EFO_0007835, http://www.ebi.ac.uk/efo/EFO_0004357	GCST003902	Genome-wide genotyping array
31/03/2017	27531626	Polimanti R	17/08/2016	Neuropsychopharmacology	www.ncbi.nlm.nih.gov/pubmed/27531626	The Interplay Between Risky Sexual Behaviors and Alcohol Dependence: Genome-Wide Association and Neuroimaging Support for LHPP as a Risk Gene.	Risky sexual behaviors (alcohol dependence interaction)	1,541 African American alcohol dependent cases, 1,436 European American alcohol dependent cases, 632 African American non-alcohol dependent controls, 315 European American non-alcohol dependent controls	NA	10q26.13	10	124546821	LHPP	LHPP			64077			rs34997829-?	rs34997829	0	34997829	intron_variant	0	0.732	3,00E-08	7.522878745280337				Illumina [at least 988306] (imputed)	N	behavioural disinhibition measurement, alcohol dependence, risky sexual behaviour measurement	http://www.ebi.ac.uk/efo/EFO_0006946, http://www.ebi.ac.uk/efo/EFO_0003829, http://www.ebi.ac.uk/efo/EFO_0007877	GCST003860	Genome-wide genotyping array
26/05/2013	23455491	Zuo L	27/02/2013	Drug Alcohol Depend	www.ncbi.nlm.nih.gov/pubmed/23455491	NKAIN1-SERINC2 is a functional, replicable and genome-wide significant risk gene region specific for alcohol dependence in subjects of European descent.	Alcohol dependence	1,409 European ancestry cases, 1,518 European ancestry controls	6,438 European ancestry individuals from 1,645 affected families	1p35.2	1	31411078	NKAIN1, SNRNP40, ZCCHC17, FABP3, SERINC2	SERINC2			347735			rs4478858-G	rs4478858	0	4478858	intron_variant	0	NR	3,00E-08	7.522878745280337		1.26		Illumina [805814]	N	alcohol dependence	http://www.ebi.ac.uk/efo/EFO_0003829	GCST001874	Genome-wide genotyping array
17/11/2017	28990359	Polimanti R	09/10/2017	Am J Med Genet B Neuropsychiatr Genet	www.ncbi.nlm.nih.gov/pubmed/28990359	Ancestry-specific and sex-specific risk alleles identified in a genome-wide gene-by-alcohol dependence interaction study of risky sexual behaviors.	Risky sexual behaviors in alcohol dependence	454 African American women individuals, 1,087 African American men individuals, 444 European ancestry women individuals, 992 European ancestry men individuals.	NA	4p12	4	45545051	NR	RNU6-931P - RN7SKP199	106479978	106479184		64915	450068	rs73135175-?	rs73135175	0	73135175	intergenic_variant	1	0.9044	3,00E-08	7.522878745280337	(AA)			Illumina [at least 550000] (imputed)	N	alcohol dependence, risky sexual behaviour measurement	http://www.ebi.ac.uk/efo/EFO_0003829, http://www.ebi.ac.uk/efo/EFO_0007877	GCST004955	Genome-wide genotyping array
17/11/2017	28990359	Polimanti R	09/10/2017	Am J Med Genet B Neuropsychiatr Genet	www.ncbi.nlm.nih.gov/pubmed/28990359	Ancestry-specific and sex-specific risk alleles identified in a genome-wide gene-by-alcohol dependence interaction study of risky sexual behaviors.	Risky sexual behaviors (alcohol dependence interaction)	454 African American women cases, 1,087 African American men cases, 444 European ancestry women cases, 992 European ancestry men cases, 231 African American women controls, 401 African American men controls, 142 European ancestry women controls, 173 European ancestry men controls		4q32.2	4	161890417	NR	FSTL5			56884			rs115460205-?	rs115460205	0	115460205	intron_variant	0	0.9307	4,00E-08	7.3979400086720375	(EA, men)			Illumina [at least 550000] (imputed)	N	alcohol dependence, risky sexual behaviour measurement	http://www.ebi.ac.uk/efo/EFO_0003829, http://www.ebi.ac.uk/efo/EFO_0007877	GCST004956	Genome-wide genotyping array
17/11/2017	28990359	Polimanti R	09/10/2017	Am J Med Genet B Neuropsychiatr Genet	www.ncbi.nlm.nih.gov/pubmed/28990359	Ancestry-specific and sex-specific risk alleles identified in a genome-wide gene-by-alcohol dependence interaction study of risky sexual behaviors.	Risky sexual behaviors (alcohol dependence interaction)	454 African American women cases, 1,087 African American men cases, 444 European ancestry women cases, 992 European ancestry men cases, 231 African American women controls, 401 African American men controls, 142 European ancestry women controls, 173 European ancestry men controls		15q24.3	15	77516256	LINGO1	HMG20A			10363			rs12898370-?	rs12898370	0	12898370	intergenic_variant	0	0.872	4,00E-08	7.3979400086720375	(AA, men)			Illumina [at least 550000] (imputed)	N	alcohol dependence, risky sexual behaviour measurement	http://www.ebi.ac.uk/efo/EFO_0003829, http://www.ebi.ac.uk/efo/EFO_0007877	GCST004956	Genome-wide genotyping array
17/11/2017	28990359	Polimanti R	09/10/2017	Am J Med Genet B Neuropsychiatr Genet	www.ncbi.nlm.nih.gov/pubmed/28990359	Ancestry-specific and sex-specific risk alleles identified in a genome-wide gene-by-alcohol dependence interaction study of risky sexual behaviors.	Risky sexual behaviors (alcohol dependence interaction)	454 African American women cases, 1,087 African American men cases, 444 European ancestry women cases, 992 European ancestry men cases, 231 African American women controls, 401 African American men controls, 142 European ancestry women controls, 173 European ancestry men controls		4q32.2	4	161903214	NR	FSTL5			56884			rs17536732-?	rs17536732	0	17536732	intron_variant	0	0.9315	4,00E-08	7.3979400086720375	(EA, men)			Illumina [at least 550000] (imputed)	N	alcohol dependence, risky sexual behaviour measurement	http://www.ebi.ac.uk/efo/EFO_0003829, http://www.ebi.ac.uk/efo/EFO_0007877	GCST004956	Genome-wide genotyping array
06/02/2015	24962325	Kapoor M	11/06/2014	Drug Alcohol Depend	www.ncbi.nlm.nih.gov/pubmed/24962325	Genome-wide survival analysis of age at onset of alcohol dependence in extended high-risk COGA families.	Alcohol dependence (age at onset)	685 European ancestry cases, 1,103 European ancestry controls from 118 families	NA	12q23.2	12	101348402	UTP20	UTP20			27340			rs57083693-C	rs57083693	0	57083693	intron_variant	0	0.22	4,00E-08	7.3979400086720375		1.35	[1.23-1.47]	Illumina [4058415] (imputed)	N	age at onset, alcohol dependence	http://www.ebi.ac.uk/efo/EFO_0004847, http://www.ebi.ac.uk/efo/EFO_0003829	GCST002477	Genome-wide genotyping array
17/11/2017	28990359	Polimanti R	09/10/2017	Am J Med Genet B Neuropsychiatr Genet	www.ncbi.nlm.nih.gov/pubmed/28990359	Ancestry-specific and sex-specific risk alleles identified in a genome-wide gene-by-alcohol dependence interaction study of risky sexual behaviors.	Risky sexual behaviors (alcohol dependence interaction)	454 African American women cases, 1,087 African American men cases, 444 European ancestry women cases, 992 European ancestry men cases, 231 African American women controls, 401 African American men controls, 142 European ancestry women controls, 173 European ancestry men controls		3q21.1	3	122392714	FAM162A	FAM162A			26355			rs2002594-?	rs2002594	0	2002594	intron_variant	0	0.399	5,00E-08	7.301029995663981	(men)			Illumina [at least 550000] (imputed)	N	alcohol dependence, risky sexual behaviour measurement	http://www.ebi.ac.uk/efo/EFO_0003829, http://www.ebi.ac.uk/efo/EFO_0007877	GCST004956	Genome-wide genotyping array
28/06/2014	24277619	Quillen EE	26/11/2013	Am J Med Genet B Neuropsychiatr Genet	www.ncbi.nlm.nih.gov/pubmed/24277619	"ALDH2 is associated to alcohol dependence and is the major genetic determinant of ""daily maximum drinks"" in a GWAS study of an isolated rural Chinese sample."	Alcohol dependence	102 Han Chinese ancestry cases, 212 Han Chinese ancestry controls	NA	12q24.12	12	111803962	ALDH2	ALDH2			217			rs671-?	rs671	0	671	missense_variant	0	NR	5,00E-08	7.301029995663981		0.88	unit increase	Illumina [247725]	N	alcohol dependence	http://www.ebi.ac.uk/efo/EFO_0003829	GCST002293	Genome-wide genotyping array
14/09/2017	24166409	Gelernter J	01/01/2014	Mol Psychiatry	www.ncbi.nlm.nih.gov/pubmed/24166409	Genome-wide association study of alcohol dependence:significant findings in African- and European-Americans including novel risk loci.	Alcohol dependence	2,415 African American cases, 1,798 African American controls, 2,669 European ancestry cases, 2,002 European ancestry controls	324 African American cases, 327 African American controls, 2,269 European ancestry cases, 2,975 European ancestry controls	4q23	4	99150767	LOC100507053	LOC100507053			100507053			rs17028615-A	rs17028615	0	17028615	intron_variant	0	0.792	6,00E-08	7.221848749616356	(AA)	1.3297873	NR (AA, GCD Discovery)	Illumina [up to 10421983] (imputed)	N	alcohol dependence	http://www.ebi.ac.uk/efo/EFO_0003829	GCST004712	Genome-wide genotyping array
17/11/2017	28990359	Polimanti R	09/10/2017	Am J Med Genet B Neuropsychiatr Genet	www.ncbi.nlm.nih.gov/pubmed/28990359	Ancestry-specific and sex-specific risk alleles identified in a genome-wide gene-by-alcohol dependence interaction study of risky sexual behaviors.	Risky sexual behaviors in alcohol dependence	454 African American women individuals, 1,087 African American men individuals, 444 European ancestry women individuals, 992 European ancestry men individuals.	NA	9p24.1	9	5377115	PLGRKT	PLGRKT			55848			rs3824435-?	rs3824435	0	3824435	intron_variant	0	0.532	6,00E-08	7.221848749616356	(women)			Illumina [at least 550000] (imputed)	N	alcohol dependence, risky sexual behaviour measurement	http://www.ebi.ac.uk/efo/EFO_0003829, http://www.ebi.ac.uk/efo/EFO_0007877	GCST004955	Genome-wide genotyping array
14/09/2017	24166409	Gelernter J	01/01/2014	Mol Psychiatry	www.ncbi.nlm.nih.gov/pubmed/24166409	Genome-wide association study of alcohol dependence:significant findings in African- and European-Americans including novel risk loci.	Alcohol dependence	2,415 African American cases, 1,798 African American controls, 2,669 European ancestry cases, 2,002 European ancestry controls	324 African American cases, 327 African American controls, 2,269 European ancestry cases, 2,975 European ancestry controls	4q23	4	99357540	intergenic	ADH1C - LOC102723576	126	102723576		4495	21315	rs4699741-T	rs4699741	0	4699741	intergenic_variant	1	0.9437	6,00E-08	7.221848749616356	(EA)	1.5698587	NR (EA, German Sample)	Illumina [up to 10421983] (imputed)	N	alcohol dependence	http://www.ebi.ac.uk/efo/EFO_0003829	GCST004712	Genome-wide genotyping array
11/04/2017	28040410	Meyers JL	28/12/2016	Int J Psychophysiol	www.ncbi.nlm.nih.gov/pubmed/28040410	A genome wide association study of fast beta EEG in families of European ancestry.	Fast beta electroencephalogram	1,564 European ancestry individuals from 117 alcohol dependence affected families	NA	3q21.3	3	126496851	UROC1	UROC1			131669			rs1687482-T	rs1687482	0	1687482	intron_variant	0	0.151	8,00E-08	7.096910013008056		0.162	[0.10-0.22] unit decrease	Illumina [12973748] (imputed)	N	alcohol dependence measurement, electroencephalogram measurement	http://www.ebi.ac.uk/efo/EFO_0007835, http://www.ebi.ac.uk/efo/EFO_0004357	GCST003902	Genome-wide genotyping array
19/09/2017	28714907	Treutlein J	17/07/2017	Genes (Basel)	www.ncbi.nlm.nih.gov/pubmed/28714907	Genetic Contribution to Alcohol Dependence: Investigation of a Heterogeneous German Sample of Individuals with Alcohol Dependence, Chronic Alcoholic Pancreatitis, and Alcohol-Related Cirrhosis.	Alcohol dependence	1,331 German ancestry cases, 1,934 German ancestry controls	NA	4q23	4	99353129	ADH1C	ADH1C - LOC102723576	126	102723576		84	25726	rs1789924-T	rs1789924	0	1789924	intergenic_variant	1	0.387	1,00E-07	7.0		1.314		Illumina [194024]	N	alcohol dependence	http://www.ebi.ac.uk/efo/EFO_0003829	GCST004756	Genome-wide genotyping array
14/09/2017	24166409	Gelernter J	01/01/2014	Mol Psychiatry	www.ncbi.nlm.nih.gov/pubmed/24166409	Genome-wide association study of alcohol dependence:significant findings in African- and European-Americans including novel risk loci.	Alcohol dependence	2,415 African American cases, 1,798 African American controls, 2,669 European ancestry cases, 2,002 European ancestry controls	324 African American cases, 327 African American controls, 2,269 European ancestry cases, 2,975 European ancestry controls	4q23	4	99329813	intergenic	ADH1B - ADH1C	125	126		8371	6679	rs2173201-C	rs2173201	0	2173201	intron_variant	1	0.548	1,00E-07	7.0	(AA)	1.3297873	NR (AA, GCD Discovery)	Illumina [up to 10421983] (imputed)	N	alcohol dependence	http://www.ebi.ac.uk/efo/EFO_0003829	GCST004712	Genome-wide genotyping array
07/04/2018	29460428	Gelernter J	20/02/2018	Alcohol Clin Exp Res	www.ncbi.nlm.nih.gov/pubmed/29460428	Genomewide association study of alcohol dependence and related traits in a Thai population.	Alcohol dependence symptom count	1,045 Thai ancestry individuals	NA	11p15.1	11	20334812	intergenic	LOC105376583 - HTATIP2	105376583	10553		134883	28873	rs397975556-C	rs397975556	0	397975556	intergenic_variant	1	0.3487	1,00E-07	7.0		0.4641	[0.29-0.63] unit increase	Illumina [at least 4683137] (imputed)	N	alcohol dependence measurement	http://www.ebi.ac.uk/efo/EFO_0007835	GCST005440	Genome-wide genotyping array
07/04/2018	29460428	Gelernter J	20/02/2018	Alcohol Clin Exp Res	www.ncbi.nlm.nih.gov/pubmed/29460428	Genomewide association study of alcohol dependence and related traits in a Thai population.	Alcohol dependence symptom count	1,045 Thai ancestry individuals	NA	10p12.1	10	24740234	intergenic	ARHGAP21 - LOC105376456	57584	105376456		14813	13168	rs6482428-C	rs6482428	0	6482428	intergenic_variant	1	0.9479	1,00E-07	7.0		0.9965	[0.63-1.36] unit decrease	Illumina [at least 4683137] (imputed)	N	alcohol dependence measurement	http://www.ebi.ac.uk/efo/EFO_0007835	GCST005440	Genome-wide genotyping array
14/09/2017	24166409	Gelernter J	01/01/2014	Mol Psychiatry	www.ncbi.nlm.nih.gov/pubmed/24166409	Genome-wide association study of alcohol dependence:significant findings in African- and European-Americans including novel risk loci.	Alcohol dependence	4,629 African American individuals, 5,131 European ancestry individuals	801 African American individuals, 1,746 European ancestry individuals	4q23	4	99325780	intergenic	ADH1B - ADH1C	125	126		4338	10712	rs9307239	rs9307239	0	9307239	intron_variant	1	0.549	1,00E-07	7.0	(AA)	0.0254	NR unit decrease (AA, GCD Discovery)	Illumina [up to 10421983] (imputed)	N	alcohol dependence measurement	http://www.ebi.ac.uk/efo/EFO_0007835	GCST004711	Genome-wide genotyping array
28/05/2011	21529783	Heath AC	27/04/2011	Biol Psychiatry	www.ncbi.nlm.nih.gov/pubmed/21529783	A quantitative-trait genome-wide association study of alcoholism risk in the community: findings and implications.	Alcoholism (heaviness of drinking)	2,062 European ancestry alcohol dependence cases, 6,692 European ancestry controls	3,393 European ancestry individuals	13q12.2	13	27346474	intergenic	RNU6-70P - LOC105370126	106478988	105370126		2728	22036	rs9512637-C	rs9512637	0	9512637	intergenic_variant	1	0.32	1,00E-07	7.0		0.105	[NR] unit decrease	Illumina [~ 300000]	N	alcohol dependence	http://www.ebi.ac.uk/efo/EFO_0003829	GCST001052	Genome-wide genotyping array
19/09/2017	28714907	Treutlein J	17/07/2017	Genes (Basel)	www.ncbi.nlm.nih.gov/pubmed/28714907	Genetic Contribution to Alcohol Dependence: Investigation of a Heterogeneous German Sample of Individuals with Alcohol Dependence, Chronic Alcoholic Pancreatitis, and Alcohol-Related Cirrhosis.	Alcohol dependence	1,331 German ancestry cases, 1,934 German ancestry controls	NA	4p16.2	4	4717767	STX18-AS1	STX18-AS1 - LOC101928279	100507266	101928279		6829	43993	rs1000579-G	rs1000579	0	1000579	intergenic_variant	1	0.3981	2,00E-07	6.698970004336019		1.315		Illumina [194024]	N	alcohol dependence	http://www.ebi.ac.uk/efo/EFO_0003829	GCST004756	Genome-wide genotyping array
11/04/2017	28040410	Meyers JL	28/12/2016	Int J Psychophysiol	www.ncbi.nlm.nih.gov/pubmed/28040410	A genome wide association study of fast beta EEG in families of European ancestry.	Fast beta electroencephalogram	1,564 European ancestry individuals from 117 alcohol dependence affected families	NA	3p14.1	3	69450652	FRMD4B	FRMD4B			23150			rs112196420-T	rs112196420	0	112196420	intron_variant	0	0.03	2,00E-07	6.698970004336019		0.339	[0.21-0.47] unit decrease	Illumina [12973748] (imputed)	N	alcohol dependence measurement, electroencephalogram measurement	http://www.ebi.ac.uk/efo/EFO_0007835, http://www.ebi.ac.uk/efo/EFO_0004357	GCST003902	Genome-wide genotyping array
06/02/2015	24962325	Kapoor M	11/06/2014	Drug Alcohol Depend	www.ncbi.nlm.nih.gov/pubmed/24962325	Genome-wide survival analysis of age at onset of alcohol dependence in extended high-risk COGA families.	Alcohol dependence (age at onset)	685 European ancestry cases, 1,103 European ancestry controls from 118 families	NA	1p36.22	1	10634850	NR	PEX14 - CASZ1	5195	54897		4092	1752	rs61776290-T	rs61776290	0	61776290	regulatory_region_variant	1	0.11	2,00E-07	6.698970004336019		1.48	[1.32-1.64]	Illumina [4058415] (imputed)	N	age at onset, alcohol dependence	http://www.ebi.ac.uk/efo/EFO_0004847, http://www.ebi.ac.uk/efo/EFO_0003829	GCST002477	Genome-wide genotyping array
14/07/2011	21703634	Wang KS	22/06/2011	J Psychiatr Res	www.ncbi.nlm.nih.gov/pubmed/21703634	A meta-analysis of two genome-wide association studies identifies 3 new loci for alcohol dependence.	Alcohol dependence	1,283 European ancestry cases, 1,416 European ancestry controls	1,650 European ancestry cases and 1,684 European ancestry controls from 778 nuclear families	1q25.1	1	175150943	KIAA0040	TNN - KIAA0040	63923	9674		2877	6043	rs6701037-C	rs6701037	0	6701037	regulatory_region_variant	1	0.46	2,00E-07	6.698970004336019				Illumina [up to 818773]	N	alcohol dependence	http://www.ebi.ac.uk/efo/EFO_0003829	GCST001121	Genome-wide genotyping array
14/09/2017	24166409	Gelernter J	01/01/2014	Mol Psychiatry	www.ncbi.nlm.nih.gov/pubmed/24166409	Genome-wide association study of alcohol dependence:significant findings in African- and European-Americans including novel risk loci.	Alcohol dependence	4,629 African American individuals, 5,131 European ancestry individuals	801 African American individuals, 1,746 European ancestry individuals	4q23	4	99379969	intergenic	LOC102723576			102723576			rs1826907	rs1826907	0	1826907	intergenic_variant	0	NR	3,00E-07	6.522878745280337				Illumina [up to 10421983] (imputed)	N	alcohol dependence measurement	http://www.ebi.ac.uk/efo/EFO_0007835	GCST004711	Genome-wide genotyping array
14/09/2017	24166409	Gelernter J	01/01/2014	Mol Psychiatry	www.ncbi.nlm.nih.gov/pubmed/24166409	Genome-wide association study of alcohol dependence:significant findings in African- and European-Americans including novel risk loci.	Alcohol dependence	4,629 African American individuals, 5,131 European ancestry individuals	801 African American individuals, 1,746 European ancestry individuals	8q12.1	8	56985796	IMPAD1	IMPAD1			54928			rs36065736	rs36065736	0	36065736	intron_variant	0	0.319	3,00E-07	6.522878745280337	(AA)	0.0224	NR unit increase (AA, GCD Discovery)	Illumina [up to 10421983] (imputed)	N	alcohol dependence measurement	http://www.ebi.ac.uk/efo/EFO_0007835	GCST004711	Genome-wide genotyping array
28/05/2011	21529783	Heath AC	27/04/2011	Biol Psychiatry	www.ncbi.nlm.nih.gov/pubmed/21529783	A quantitative-trait genome-wide association study of alcoholism risk in the community: findings and implications.	Alcoholism (heaviness of drinking)	2,062 European ancestry alcohol dependence cases, 6,692 European ancestry controls	3,393 European ancestry individuals	15q26.1	15	92501109	C15orf32	C15orf32			145858			rs8040009-T	rs8040009	0	8040009	non_coding_transcript_exon_variant	0	0.21	3,00E-07	6.522878745280337		0.123	[NR] unit decrease	Illumina [~ 300000]	N	alcohol dependence	http://www.ebi.ac.uk/efo/EFO_0003829	GCST001052	Genome-wide genotyping array
18/11/2011	22004471	Frank J	18/10/2011	Addict Biol	www.ncbi.nlm.nih.gov/pubmed/22004471	Genome-wide significant association between alcohol dependence and a variant in the ADH gene cluster.	Alcohol dependence	1,333 European ancestry male cases, 2,168 European ancestry male controls	NA	4p16.2	4	4717767	NR	STX18-AS1 - LOC101928279	100507266	101928279		6829	43993	rs1000579-?	rs1000579	0	1000579	intergenic_variant	1	NR	4,00E-07	6.3979400086720375		1.3	[1.17-1.43]	Illumina [463044]	N	alcohol dependence	http://www.ebi.ac.uk/efo/EFO_0003829	GCST001281	Genome-wide genotyping array
13/03/2014	23942779	McGue M	14/08/2013	Behav Genet	www.ncbi.nlm.nih.gov/pubmed/23942779	A genome-wide association study of behavioral disinhibition.	Behavioural disinhibition (generation interaction)	3,852 European ancestry parents, 3,336 European ancestry offspring	NA	2p16.3	2	49957256	NR	NRXN1			9378			rs11681792-A	rs11681792	0	11681792	intron_variant	0	0.179	4,00E-07	6.3979400086720375	(Non-substance related behavioral disinhibition)			Illumina [527829]	N	nicotine use, generational effect measurement, illegal drug consumption, non-substance related disinhibited behaviour, alcohol drinking, alcohol dependence	http://www.ebi.ac.uk/efo/EFO_0005430, http://www.ebi.ac.uk/efo/EFO_0008364, http://www.ebi.ac.uk/efo/EFO_0005431, http://www.ebi.ac.uk/efo/EFO_0005432, http://www.ebi.ac.uk/efo/EFO_0004329, http://www.ebi.ac.uk/efo/EFO_0003829	GCST002131	Genome-wide genotyping array
14/09/2017	24166409	Gelernter J	01/01/2014	Mol Psychiatry	www.ncbi.nlm.nih.gov/pubmed/24166409	Genome-wide association study of alcohol dependence:significant findings in African- and European-Americans including novel risk loci.	Alcohol dependence	2,415 African American cases, 1,798 African American controls, 2,669 European ancestry cases, 2,002 European ancestry controls	324 African American cases, 327 African American controls, 2,269 European ancestry cases, 2,975 European ancestry controls	4q23	4	99336998	ADH1C	ADH1C			126			rs1614972-C	rs1614972	0	1614972	intron_variant	0	0.478	4,00E-07	6.3979400086720375	(AA)	1.3297873	NR (AA, GCD Discovery)	Illumina [up to 10421983] (imputed)	N	alcohol dependence	http://www.ebi.ac.uk/efo/EFO_0003829	GCST004712	Genome-wide genotyping array
01/12/2017	29071344	Zhou H	25/10/2017	JAMA Psychiatry	www.ncbi.nlm.nih.gov/pubmed/29071344	Genetic Risk Variants Associated With Comorbid Alcohol Dependence and Major Depression.	Major depression and alcohol dependence	3,041 African American individuals, 1,618 European ancestry individuals	1,612 African American individuals, 1,551 European ancestry individuals	1p34.3	1	38927359	intergenic	RHBDL2			54933			rs2094081-G	rs2094081	0	2094081	intron_variant	0	NR	4,00E-07	6.3979400086720375	(EA)	1.519	unit decrease	Illumina [at least 5086170] (imputed)	N	unipolar depression, alcohol dependence	http://www.ebi.ac.uk/efo/EFO_0003761, http://www.ebi.ac.uk/efo/EFO_0003829	GCST005022	Genome-wide genotyping array
26/05/2015	21314694	Kendler KS	11/02/2011	Alcohol Clin Exp Res	www.ncbi.nlm.nih.gov/pubmed/21314694	Genomewide association analysis of symptoms of alcohol dependence in the molecular genetics of schizophrenia (MGS2) control sample.	Alcohol dependence	2,357 European ancestry individuals, 812 African American individuals	NA	3p25.2	3	11915124	C3orf31	MARK2P14 - RN7SL147P	100631261	106479274		1695	37664	rs6777876-G	rs6777876	0	6777876	intron_variant	1	0.086	4,00E-07	6.3979400086720375	(AA)			Affymetrix [NR]	N	alcohol dependence	http://www.ebi.ac.uk/efo/EFO_0003829	GCST000977	Genome-wide genotyping array
14/09/2017	24166409	Gelernter J	01/01/2014	Mol Psychiatry	www.ncbi.nlm.nih.gov/pubmed/24166409	Genome-wide association study of alcohol dependence:significant findings in African- and European-Americans including novel risk loci.	Alcohol dependence	4,629 African American individuals, 5,131 European ancestry individuals	801 African American individuals, 1,746 European ancestry individuals	9p21.1	9	28407494	LINGO2	LINGO2			158038			rs7865532	rs7865532	0	7865532	intron_variant	0	NR	4,00E-07	6.3979400086720375				Illumina [up to 10421983] (imputed)	N	alcohol dependence measurement	http://www.ebi.ac.uk/efo/EFO_0007835	GCST004711	Genome-wide genotyping array
16/01/2017	27151647	Chen G	05/05/2016	Addict Biol	www.ncbi.nlm.nih.gov/pubmed/27151647	An association study revealed substantial effects of dominance, epistasis and substance dependence co-morbidity on alcohol dependence symptom count.	Alcohol dependence symptom count	2,605 European ancestry individuals, 1,233 African American individuals	NA	17q24.2	17	67948399	BPTF	BPTF			2186			rs11870068-?	rs11870068	0	11870068	intron_variant	0		5,00E-07	6.301029995663981	(additive)	0.227	[0.14-0.32] unit decrease	Illumina [974863]	N	alcohol dependence measurement	http://www.ebi.ac.uk/efo/EFO_0007835	GCST003538	Genome-wide genotyping array
01/12/2017	29071344	Zhou H	25/10/2017	JAMA Psychiatry	www.ncbi.nlm.nih.gov/pubmed/29071344	Genetic Risk Variants Associated With Comorbid Alcohol Dependence and Major Depression.	Major depression and alcohol dependence	3,041 African American individuals, 1,618 European ancestry individuals	1,612 African American individuals, 1,551 European ancestry individuals	6q15	6	91209048	intergenic	LOC107986623 - LOC107986624	107986623	107986624		253177	148736	rs12180309-C	rs12180309	0	12180309	intergenic_variant	1	NR	5,00E-07	6.301029995663981	(AA)	0.947	unit increase	Illumina [at least 5086170] (imputed)	N	unipolar depression, alcohol dependence	http://www.ebi.ac.uk/efo/EFO_0003761, http://www.ebi.ac.uk/efo/EFO_0003829	GCST005022	Genome-wide genotyping array
11/04/2017	28040410	Meyers JL	28/12/2016	Int J Psychophysiol	www.ncbi.nlm.nih.gov/pubmed/28040410	A genome wide association study of fast beta EEG in families of European ancestry.	Fast beta electroencephalogram	1,564 European ancestry individuals from 117 alcohol dependence affected families	NA	21q21.3	21	26630728	intergenic	CYYR1 - ADAMTS1	116159	9510		57324	205559	rs372255102-T	rs372255102	0	372255102	intergenic_variant	1	0.328	5,00E-07	6.301029995663981		0.118	[0.073-0.163] unit decrease	Illumina [12973748] (imputed)	N	alcohol dependence measurement, electroencephalogram measurement	http://www.ebi.ac.uk/efo/EFO_0007835, http://www.ebi.ac.uk/efo/EFO_0004357	GCST003902	Genome-wide genotyping array
11/04/2017	28040410	Meyers JL	28/12/2016	Int J Psychophysiol	www.ncbi.nlm.nih.gov/pubmed/28040410	A genome wide association study of fast beta EEG in families of European ancestry.	Fast beta electroencephalogram	1,564 European ancestry individuals from 117 alcohol dependence affected families	NA	12p11.22	12	27880569	intergenic	LOC105369709 - PTHLH	105369709	5744		56487	77515	rs258430-G	rs258430	0	258430	intergenic_variant	1	0.573	6,00E-07	6.221848749616356		0.111	[0.068-0.154] unit decrease	Illumina [12973748] (imputed)	N	alcohol dependence measurement, electroencephalogram measurement	http://www.ebi.ac.uk/efo/EFO_0007835, http://www.ebi.ac.uk/efo/EFO_0004357	GCST003902	Genome-wide genotyping array
07/04/2018	29460428	Gelernter J	20/02/2018	Alcohol Clin Exp Res	www.ncbi.nlm.nih.gov/pubmed/29460428	Genomewide association study of alcohol dependence and related traits in a Thai population.	Alcohol dependence symptom count	1,045 Thai ancestry individuals	NA	11q23.3	11	116618927	intergenic	LOC107987166 - LOC107984372	107987166	107984372		144702	7094	rs73012959-C	rs73012959	0	73012959	intergenic_variant	1	0.91	6,00E-07	6.221848749616356		1.186	[0.72-1.65] unit decrease	Illumina [at least 4683137] (imputed)	N	alcohol dependence measurement	http://www.ebi.ac.uk/efo/EFO_0007835	GCST005440	Genome-wide genotyping array
14/09/2017	24166409	Gelernter J	01/01/2014	Mol Psychiatry	www.ncbi.nlm.nih.gov/pubmed/24166409	Genome-wide association study of alcohol dependence:significant findings in African- and European-Americans including novel risk loci.	Alcohol dependence	2,415 African American cases, 1,798 African American controls, 2,669 European ancestry cases, 2,002 European ancestry controls	324 African American cases, 327 African American controls, 2,269 European ancestry cases, 2,975 European ancestry controls	4q23	4	99346215	ADH1C	ADH1C			126			rs12639833-C	rs12639833	0	12639833	intron_variant	0	0.5409999999999999	7,00E-07	6.154901959985743	(AA)	1.3192612	NR (AA, GCD Discovery)	Illumina [up to 10421983] (imputed)	N	alcohol dependence	http://www.ebi.ac.uk/efo/EFO_0003829	GCST004712	Genome-wide genotyping array
06/02/2015	24962325	Kapoor M	11/06/2014	Drug Alcohol Depend	www.ncbi.nlm.nih.gov/pubmed/24962325	Genome-wide survival analysis of age at onset of alcohol dependence in extended high-risk COGA families.	Alcohol dependence (age at onset)	685 European ancestry cases, 1,103 European ancestry controls from 118 families	NA	2q21.1	2	129236759	NR	LOC101927881 - LOC151121	101927881	151121		368032	5414	rs1660895-A	rs1660895	0	1660895	intergenic_variant	1	0.47	7,00E-07	6.154901959985743		1.3	[1.20-1.40]	Illumina [4058415] (imputed)	N	age at onset, alcohol dependence	http://www.ebi.ac.uk/efo/EFO_0004847, http://www.ebi.ac.uk/efo/EFO_0003829	GCST002477	Genome-wide genotyping array
28/05/2011	21529783	Heath AC	27/04/2011	Biol Psychiatry	www.ncbi.nlm.nih.gov/pubmed/21529783	A quantitative-trait genome-wide association study of alcoholism risk in the community: findings and implications.	Alcoholism (alcohol use disorder factor score)	2,062 European ancestry alcohol dependence cases, 6,692 European ancestry controls	3,393 European ancestry individuals	2q23.3	2	150269889	intergenic	LOC105373684			105373684			rs6716455-G	rs6716455	0	6716455	intron_variant	0	0.13	7,00E-07	6.154901959985743		0.123	[NR] unit increase	Illumina [~ 300000]	N	alcohol dependence	http://www.ebi.ac.uk/efo/EFO_0003829	GCST001053	Genome-wide genotyping array
19/09/2017	28714907	Treutlein J	17/07/2017	Genes (Basel)	www.ncbi.nlm.nih.gov/pubmed/28714907	Genetic Contribution to Alcohol Dependence: Investigation of a Heterogeneous German Sample of Individuals with Alcohol Dependence, Chronic Alcoholic Pancreatitis, and Alcohol-Related Cirrhosis.	Alcohol dependence or chronic alcoholic pancreatitis or alcohol-related liver cirrhosis	1,331 German ancestry alcohol dependence cases, 1,110 German ancestry cases with chronic alcoholic pancreatitis, 400 European ancestry cases with alcohol-related liver cirrhosis, 3,684 German ancestry controls	NA	20q11.23	20	38922292	PPP1R16B, FAM83D	PPP1R16B			26051			rs10392-A	rs10392	0	10392	3_prime_UTR_variant	0	0.1801	8,00E-07	6.096910013008056		1.252		Illumina [194024]	N	alcoholic liver cirrhosis, alcohol dependence, alcoholic pancreatitis	http://www.ebi.ac.uk/efo/EFO_1000802, http://www.ebi.ac.uk/efo/EFO_0003829, http://www.ebi.ac.uk/efo/EFO_1002013	GCST004757	Genome-wide genotyping array
14/09/2017	24166409	Gelernter J	01/01/2014	Mol Psychiatry	www.ncbi.nlm.nih.gov/pubmed/24166409	Genome-wide association study of alcohol dependence:significant findings in African- and European-Americans including novel risk loci.	Alcohol dependence	2,415 African American cases, 1,798 African American controls, 2,669 European ancestry cases, 2,002 European ancestry controls	324 African American cases, 327 African American controls, 2,269 European ancestry cases, 2,975 European ancestry controls	4q23	4	99344976	ADH1C	ADH1C			126			rs2241894-T	rs2241894	0	2241894	synonymous_variant	0	0.542	8,00E-07	6.096910013008056	(AA)	1.3192612	NR (AA, GCD Discovery)	Illumina [up to 10421983] (imputed)	N	alcohol dependence	http://www.ebi.ac.uk/efo/EFO_0003829	GCST004712	Genome-wide genotyping array
13/06/2016	26365420	Mbarek H	14/09/2015	Am J Med Genet B Neuropsychiatr Genet	www.ncbi.nlm.nih.gov/pubmed/26365420	The genetics of alcohol dependence: Twin and SNP-based heritability, and genome-wide association study based on AUDIT scores.	Alcohol dependence	1,374 European ancestry cases and 6,468 European ancestry controls from 7,694 twin pairs	NA	2q33.1	2	200703710	AOX2P	AOX3P-AOX2P, AOX3P			107161151, 107126360			rs2253612-C	rs2253612	0	2253612	intron_variant	0	0.09	8,00E-07	6.096910013008056		1.4285715	[1.29-1.57]	Affymetrix, Illumina, Perlegen [6464174] (imputed)	N	alcohol dependence	http://www.ebi.ac.uk/efo/EFO_0003829	GCST003121	Genome-wide genotyping array
16/01/2017	27151647	Chen G	05/05/2016	Addict Biol	www.ncbi.nlm.nih.gov/pubmed/27151647	An association study revealed substantial effects of dominance, epistasis and substance dependence co-morbidity on alcohol dependence symptom count.	Alcohol dependence symptom count	2,605 European ancestry individuals, 1,233 African American individuals	NA	6q27	6	165167517	C6orf118	LOC105378111 - C6orf118	105378111	168090		345454	112147	rs506879-?	rs506879	0	506879	intergenic_variant	1		8,00E-07	6.096910013008056	(dominant)	0.289	[0.17-0.4] unit decrease	Illumina [974863]	N	alcohol dependence measurement	http://www.ebi.ac.uk/efo/EFO_0007835	GCST003538	Genome-wide genotyping array
13/06/2016	26365420	Mbarek H	14/09/2015	Am J Med Genet B Neuropsychiatr Genet	www.ncbi.nlm.nih.gov/pubmed/26365420	The genetics of alcohol dependence: Twin and SNP-based heritability, and genome-wide association study based on AUDIT scores.	Alcohol dependence	1,374 European ancestry cases and 6,468 European ancestry controls from 7,694 twin pairs	NA	4q34.1	4	174106365	HPGD	LOC101928509			101928509			rs55768019-G	rs55768019	0	55768019	intron_variant	0	0.42	8,00E-07	6.096910013008056		1.25	[1.17-1.33]	Affymetrix, Illumina, Perlegen [6464174] (imputed)	N	alcohol dependence	http://www.ebi.ac.uk/efo/EFO_0003829	GCST003121	Genome-wide genotyping array
28/05/2011	21529783	Heath AC	27/04/2011	Biol Psychiatry	www.ncbi.nlm.nih.gov/pubmed/21529783	A quantitative-trait genome-wide association study of alcoholism risk in the community: findings and implications.	Alcoholism (alcohol dependence factor score)	2,062 European ancestry alcohol dependence cases, 6,692 European ancestry controls	3,393 European ancestry individuals	13q32.1	13	97364162	MBNL2	MBNL2			10150			rs9556711-G	rs9556711	0	9556711	intron_variant	0	0.08	8,00E-07	6.096910013008056		0.167	[NR] unit decrease	Illumina [~ 300000]	N	alcohol dependence	http://www.ebi.ac.uk/efo/EFO_0003829	GCST001054	Genome-wide genotyping array
01/12/2017	29071344	Zhou H	25/10/2017	JAMA Psychiatry	www.ncbi.nlm.nih.gov/pubmed/29071344	Genetic Risk Variants Associated With Comorbid Alcohol Dependence and Major Depression.	Major depression and alcohol dependence	3,041 African American individuals, 1,618 European ancestry individuals	1,612 African American individuals, 1,551 European ancestry individuals	9q31.1	9	104376689	intergenic	LOC100128906 - LOC105376195	100128906	105376195		47293	14796	rs115357105-G	rs115357105	0	115357105	intergenic_variant	1	NR	9,00E-07	6.045757490560675	(AA)	1.132	unit increase	Illumina [at least 5086170] (imputed)	N	unipolar depression, alcohol dependence	http://www.ebi.ac.uk/efo/EFO_0003761, http://www.ebi.ac.uk/efo/EFO_0003829	GCST005022	Genome-wide genotyping array
13/03/2014	23942779	McGue M	14/08/2013	Behav Genet	www.ncbi.nlm.nih.gov/pubmed/23942779	A genome-wide association study of behavioral disinhibition.	Behavioural disinhibition (generation interaction)	3,852 European ancestry parents, 3,336 European ancestry offspring	NA	16p13.2	16	9120023	NR	C16orf72 - RPL21P119	29035	653737		325	36319	rs3743832-A	rs3743832	0	3743832	3_prime_UTR_variant	1	0.39	9,00E-07	6.045757490560675	(Non-substance related behavioral disinhibition)			Illumina [527829]	N	nicotine use, generational effect measurement, illegal drug consumption, non-substance related disinhibited behaviour, alcohol drinking, alcohol dependence	http://www.ebi.ac.uk/efo/EFO_0005430, http://www.ebi.ac.uk/efo/EFO_0008364, http://www.ebi.ac.uk/efo/EFO_0005431, http://www.ebi.ac.uk/efo/EFO_0005432, http://www.ebi.ac.uk/efo/EFO_0004329, http://www.ebi.ac.uk/efo/EFO_0003829	GCST002131	Genome-wide genotyping array
14/09/2017	24166409	Gelernter J	01/01/2014	Mol Psychiatry	www.ncbi.nlm.nih.gov/pubmed/24166409	Genome-wide association study of alcohol dependence:significant findings in African- and European-Americans including novel risk loci.	Alcohol dependence	4,629 African American individuals, 5,131 European ancestry individuals	801 African American individuals, 1,746 European ancestry individuals	21q21.2	21	25384656	intergenic	RPL13AP7 - LINC00158	284821	54072		21732	1164	rs59551326	rs59551326	0	59551326	intergenic_variant	1	0.137	9,00E-07	6.045757490560675	(AA)	0.0155	NR unit decrease (AA, GCD Discovery)	Illumina [up to 10421983] (imputed)	N	alcohol dependence measurement	http://www.ebi.ac.uk/efo/EFO_0007835	GCST004711	Genome-wide genotyping array
01/12/2017	29071344	Zhou H	25/10/2017	JAMA Psychiatry	www.ncbi.nlm.nih.gov/pubmed/29071344	Genetic Risk Variants Associated With Comorbid Alcohol Dependence and Major Depression.	Major depression and alcohol dependence	3,041 African American individuals, 1,618 European ancestry individuals	1,612 African American individuals, 1,551 European ancestry individuals	1q41	1	216600151	intergenic	ESRRG			2104			rs72737330-C	rs72737330	0	72737330	intron_variant	0	0.163	9,00E-07	6.045757490560675	(AA)	1.003	unit decrease	Illumina [at least 5086170] (imputed)	N	unipolar depression, alcohol dependence	http://www.ebi.ac.uk/efo/EFO_0003761, http://www.ebi.ac.uk/efo/EFO_0003829	GCST005022	Genome-wide genotyping array
																																					
																																					
																																					
																																					
																																					
																																					
																																					
																																					
																																					
																																					
																																					
																																					
																																					
																																					
																																					
																																					
																																					
																																					
																																					
																																					
																																					
																																					
																																					
																																					
																																					
																																					
																																					
																																					
																																					
																																					
																																					
																																					
																																					
																																					
																																					
																																					
																																					
																																					
																																					
																																					
																																					
																																					
																																					
																																					
																																					
																																					
																																					
																																					
																																					
																																					
																																					
																																					
																																					
																																					
																																					
																																					
																																					
																																					
																																					
																																					
																																					
																																					
																																					
																																					
																																					
																																					
																																					
																																					
																																					
																																					
																																					
																																					
																																					
																																					
																																					
																																					
																																					
																																					
																																					
																																					
																																					
																																					
																																					
																																					
																																					
																																					
																																					
																																					
																																					
																																					
																																					
																																					
																																					
																																					
																																					
																																					
																																					
																																					
																																					
																																					
																																					
																																					
																																					
																																					
																																					
																																					
																																					
																																					
																																					
																																					
																																					
																																					
																																					
																																					
																																					
																																					
																																					
																																					
																																					
																																					
																																					
																																					
																																					
																																					
																																					
																																					
																																					
																																					
																																					
																																					
																																					
																																					
																																					
																																					
																																					
																																					
																																					
																																					
																																					
																																					
																																					
																																					
																																					
																																					
																																					
																																					
																																					
																																					
																																					
																																					
																																					
																																					
																																					
																																					
																																					
																																					
																																					
																																					
																																					
																																					
																																					
																																					
																																					
																																					
																																					
																																					
																																					
																																					
																																					
																																					
																																					
																																					
																																					
																																					
																																					
																																					
																																					
																																					
																																					
																																					
																																					
																																					
																																					
																																					
																																					
																																					
																																					
																																					
																																					
																																					
																																					
																																					
																																					
																																					
																																					
																																					
																																					
																																					
																																					
																																					
																																					
																																					
																																					
																																					
																																					
																																					
																																					
																																					
																																					
																																					
																																					
																																					
																																					
																																					
																																					
																																					
																																					
																																					
																																					
																																					
																																					
																																					
																																					
																																					
																																					
																																					
																																					
																																					
																																					
																																					
																																					
																																					